{"cameraMode":{"drawMode":0,"name":"Shaded","section":"Shading Mode"},"sceneLighting":true,"audioPlay":false,"sceneViewState":{"m_AlwaysRefresh":false,"showFog":true,"showSkybox":true,"showFlares":true,"showImageEffects":true,"showParticleSystems":true,"showVisualEffectGraphs":true,"m_FxEnabled":true},"in2DMode":false,"pivot":{"x":19.14422035217285,"y":-1.2271485328674317,"z":-25.450424194335939},"rotation":{"x":0.46781057119369509,"y":0.38208678364753725,"z":-0.23468245565891267,"w":0.7616270184516907},"size":9.001219749450684,"orthographic":false}