{"cameraMode":{"drawMode":0,"name":"Shaded","section":"Shading Mode"},"sceneLighting":true,"audioPlay":false,"sceneViewState":{"m_AlwaysRefresh":false,"showFog":true,"showSkybox":true,"showFlares":true,"showImageEffects":true,"showParticleSystems":true,"showVisualEffectGraphs":true,"m_FxEnabled":true},"in2DMode":false,"pivot":{"x":21.72942543029785,"y":-1.423024296760559,"z":-3.5288310050964357},"rotation":{"x":0.08694400638341904,"y":0.07611352950334549,"z":-0.006665483582764864,"w":0.9932706356048584},"size":12.12435531616211,"orthographic":false}