{"cameraMode":{"drawMode":0,"name":"Shaded","section":"Shading Mode"},"sceneLighting":true,"audioPlay":false,"sceneViewState":{"m_AlwaysRefresh":false,"showFog":true,"showSkybox":true,"showFlares":true,"showImageEffects":true,"showParticleSystems":true,"showVisualEffectGraphs":true,"m_FxEnabled":true},"in2DMode":false,"pivot":{"x":18.288660049438478,"y":1.487219214439392,"z":-20.704681396484376},"rotation":{"x":0.09925813972949982,"y":0.3627769649028778,"z":-0.03889816254377365,"w":0.9257491827011108},"size":12.07683277130127,"orthographic":false}